-- MySQL dump 10.13  Distrib 5.7.23, for Linux (x86_64)
--
-- Host: 127.0.0.1    Database: escola_db
-- ------------------------------------------------------
-- Server version	8.0.12

/*!40101 SET @OLD_CHARACTER_SET_CLIENT=@@CHARACTER_SET_CLIENT */;
/*!40101 SET @OLD_CHARACTER_SET_RESULTS=@@CHARACTER_SET_RESULTS */;
/*!40101 SET @OLD_COLLATION_CONNECTION=@@COLLATION_CONNECTION */;
/*!40101 SET NAMES utf8 */;
/*!40103 SET @OLD_TIME_ZONE=@@TIME_ZONE */;
/*!40103 SET TIME_ZONE='+00:00' */;
/*!40014 SET @OLD_UNIQUE_CHECKS=@@UNIQUE_CHECKS, UNIQUE_CHECKS=0 */;
/*!40014 SET @OLD_FOREIGN_KEY_CHECKS=@@FOREIGN_KEY_CHECKS, FOREIGN_KEY_CHECKS=0 */;
/*!40101 SET @OLD_SQL_MODE=@@SQL_MODE, SQL_MODE='NO_AUTO_VALUE_ON_ZERO' */;
/*!40111 SET @OLD_SQL_NOTES=@@SQL_NOTES, SQL_NOTES=0 */;

--
-- Table structure for table `alunos`
--

DROP TABLE IF EXISTS `alunos`;
/*!40101 SET @saved_cs_client     = @@character_set_client */;
/*!40101 SET character_set_client = utf8 */;
CREATE TABLE `alunos` (
  `id` int(11) NOT NULL AUTO_INCREMENT,
  `id_pessoa` int(11) NOT NULL,
  `matricula` varchar(250) NOT NULL,
  `turma` int(11) NOT NULL,
  PRIMARY KEY (`id`)
) ENGINE=InnoDB AUTO_INCREMENT=101 DEFAULT CHARSET=utf8mb4 COLLATE=utf8mb4_0900_ai_ci;
/*!40101 SET character_set_client = @saved_cs_client */;

--
-- Dumping data for table `alunos`
--

LOCK TABLES `alunos` WRITE;
/*!40000 ALTER TABLE `alunos` DISABLE KEYS */;
INSERT INTO `alunos` VALUES (1,38,'ADCC4702-98CF-32C6-AAED-BA2D3A70E5E4',105),(2,94,'FBD9487E-D5C2-C1A7-6BDB-1F8855D06009',101),(3,70,'2992CEF1-AC9B-2324-466B-F3557E02D7AC',102),(4,58,'0EC89CD6-6A81-2E60-B934-5D8A10062B87',102),(5,26,'E2C6CB59-FC3A-0DB0-B138-8651CDCE2604',105),(6,6,'BA8EFCA3-CB91-DB6A-D92B-0A03A5C542B0',101),(7,68,'982C3B6D-BAAB-2B30-87D1-7C0D8D0B3504',103),(8,30,'FE3789A4-2BE8-1C0F-3393-7A6678C34006',103),(9,44,'7BF83F60-043F-EB81-45DF-6A2ADB51360C',105),(10,40,'EBFB4EFB-9873-F281-95B4-1D4D0D6815E6',103),(11,95,'CA97D1F0-9A98-CBBA-D942-94B9C4A7F731',103),(12,36,'B535A0A1-164A-F982-603D-9CD09E462765',105),(13,2,'9FB892D6-6CDD-56D8-4631-1A96DA739EAC',104),(14,41,'0EE46FA9-09CD-C259-FD0A-70C5D6DE8A5A',102),(15,94,'36AA3C42-C9A6-D145-AAF5-A3F5EAC315AE',101),(16,73,'33488544-2246-AD0B-94D8-89E30D3D2DDB',101),(17,63,'445B0A94-187B-0A59-E86D-32830674CBF5',103),(18,53,'A6517D22-8B51-D2D5-DFA4-B83B0060B417',101),(19,58,'24019A3C-EF2D-A247-EE8C-FB0A602E194C',105),(20,11,'ECD72F8E-CFF5-E583-1CBE-321E8804D803',103),(21,73,'7AEBD86C-2C37-4762-5A31-D74E0E554B90',105),(22,14,'E8D04A3F-312D-1658-BB33-729C0D38020B',101),(23,21,'0B78CE3E-C960-999C-877A-3A3AEE9E49B3',101),(24,50,'FA329E24-33ED-C5EB-5F18-263496F01EDF',102),(25,70,'0A5A0540-DDC7-9118-999C-905838F2D3FE',105),(26,89,'DE2E1DAC-4C21-9756-623F-923BADA50ADD',101),(27,3,'C6CB7F77-C118-2A62-29BD-E043A2EE653E',103),(28,34,'D427A997-DE4A-F659-CCB6-21D9F7D2F633',105),(29,97,'72928187-CE5E-1843-68AD-E6A8615F38ED',103),(30,25,'F2F1A53A-C804-F7AD-EADF-182167DAC8CD',101),(31,28,'4A54CAA8-6B68-5F3C-7FD7-D87B5F4CE4D6',101),(32,78,'F60A97CC-6144-FEC8-AC00-0206AA9E73F5',102),(33,4,'7F896A21-D42E-8FE5-9D05-3297E428F4C0',104),(34,76,'AF480E3B-B461-392E-DD23-6C554ECB5B13',102),(35,68,'D65A7ED5-FE3E-6141-D82E-65EC88B5CD54',102),(36,23,'8EECF857-ABC9-62CE-0013-21D6E424D702',101),(37,48,'81796A4E-685D-5668-3BA7-36BBF8B60B30',104),(38,31,'E97068C7-3A6C-51E1-4C23-0E8C9084557B',105),(39,71,'7343D99C-39CE-D845-9C78-CC7015BE019C',105),(40,13,'61F14E5C-B154-D661-B036-F5B6F412F098',103),(41,86,'D9A56CEB-0CCF-DE97-6072-21E0A851DCCE',104),(42,69,'573A3A7F-6341-FE17-7850-A953D9D8304D',103),(43,16,'0C441F1E-6A4F-1584-3C3E-5667B5607D80',103),(44,43,'C44013EE-FA9C-D25C-B27B-D5132008DB9B',103),(45,23,'8B1FDB68-FCAA-5BEE-FD29-385943D7EC94',102),(46,88,'EAE1F9B5-C1B2-766B-14C9-99E87AF16800',104),(47,61,'E35719CF-B8D0-AF71-E009-951EC4AB822D',101),(48,34,'0BE37F52-E7AF-4E7E-4C8C-9B65A2B977CD',102),(49,60,'A36A6721-0CAE-38DF-DF8E-4B0FA171BF00',101),(50,80,'2ECDC9C3-71B6-1330-9DA7-A60DD3ECC5AB',105),(51,62,'7F7F13E1-1CFB-03B1-84F2-9085FFCC96C0',105),(52,71,'E1152A87-C582-E3D3-4C6E-A60E8C8F3BAA',103),(53,75,'BF73DAAC-8313-7C1C-653C-D46A7DE8C514',103),(54,79,'9005C514-96A0-E9EF-4066-0357F1F7C387',102),(55,80,'572234B4-7C6A-4461-67BD-922280305297',102),(56,100,'2BC692A0-7FE0-041E-DC4E-FB5DC5001B2A',105),(57,41,'AE25D892-B7B7-7322-CA4E-ECA0AED2DD5E',101),(58,96,'774AC2E0-C64E-3427-6D19-ABF11C2D1BCE',104),(59,42,'02474C2A-6C32-0575-7E67-3CEDF22A8270',102),(60,26,'0F873982-1EDA-ECFE-6EAB-709B57D1A643',102),(61,52,'AAD7D7F0-DFD0-B293-9AA4-B189574E223B',102),(62,36,'B252CF17-4487-CFDB-DE59-BF51B054AEC5',105),(63,53,'187AADCE-200D-6CAA-BD69-C50D3EA3621D',104),(64,23,'9255D1A7-6AC4-B00A-424A-51F7D6F91AE6',102),(65,31,'1C9D6F87-47C0-FF19-A71C-038DE69136B3',101),(66,86,'8D55FF6B-B265-CB98-220A-3A4229A3EF29',102),(67,96,'67ABC0C4-D8C4-1EAE-22EE-EB5E232F3252',103),(68,74,'A360398A-8387-A4DA-759D-D0EAD7194217',101),(69,50,'3CCC743F-3D34-3482-5DCA-6B47682467B1',101),(70,95,'E5F4DF72-21F0-B723-CF04-8B2C387AA8FD',104),(71,61,'BD37CAC5-E506-8CC8-0101-AEC65B36CB13',103),(72,85,'4D2AFA83-1B19-03F6-8F20-0A24299A80B2',102),(73,78,'BF8E0BF0-29F8-1A2C-4A4A-CD18842E39A2',105),(74,59,'8F1EE18E-070F-A535-804E-D08D4363DB35',104),(75,73,'D6653ACD-7C3B-72FA-94CB-A9769BC69D7F',101),(76,56,'812B8C03-3FF5-915F-C905-28D803295CBB',103),(77,21,'95C70531-5714-8AED-B740-A8D9B9807584',101),(78,88,'102E2438-11E1-6BF1-4E80-912196CEE27A',101),(79,35,'2723CFA5-DAAF-7E8C-6C17-3E3431274C46',102),(80,31,'916C0691-4AF0-1F40-46E2-4C5AD1108792',104),(81,30,'A8A8E919-E529-C6F7-72B9-2AF9F351E1A8',101),(82,17,'F8CB5A6B-AEB5-E393-4817-9FF38B140B95',103),(83,27,'D00D6923-E15B-7B1A-6522-8D45B12D91DE',101),(84,13,'CC690A19-AAB4-2E36-D6A2-A54CA25FEB6E',103),(85,84,'4EAD18A2-FB42-EF3D-1992-FC5D396C0D9B',101),(86,46,'AD5740E0-580D-11D9-1700-3B310252B4F3',101),(87,38,'F7955D89-5FF2-F0F2-77B1-F2DEB2674AB0',105),(88,47,'8074B098-8952-E40D-A3EC-2149537FB10F',101),(89,82,'A1E01D77-5491-88FE-326B-382A1C925FDD',104),(90,85,'F35CB99F-CC4F-A8B1-AC1D-FABA0950853A',103),(91,80,'E3EA6B8A-DC19-1EA0-9DFA-BA97C0CC8BE8',104),(92,57,'EA411AAD-F0F2-58E7-47ED-DC1E370D14FE',104),(93,2,'1CC7F702-F174-F3A5-18C5-9024FB9FB864',103),(94,56,'B314B279-4AD7-5814-A853-2D5455AB859A',101),(95,75,'87F053B1-1AEF-3B72-05D2-89BDD7849EF4',103),(96,72,'9437E44E-3A1E-8E59-D6BA-C74C64856988',105),(97,44,'4BB34F1E-0794-A75D-BBA4-5593F9B04423',105),(98,57,'05D47314-46EC-CF3B-FD22-0C550F27BDAC',104),(99,26,'112167E5-157A-F0A8-7ED5-CC55E3B81213',104),(100,40,'A8DB6053-3536-3F15-E920-93372FB0F3C6',102);
/*!40000 ALTER TABLE `alunos` ENABLE KEYS */;
UNLOCK TABLES;

--
-- Table structure for table `pessoas`
--

DROP TABLE IF EXISTS `pessoas`;
/*!40101 SET @saved_cs_client     = @@character_set_client */;
/*!40101 SET character_set_client = utf8 */;
CREATE TABLE `pessoas` (
  `id` int(11) NOT NULL AUTO_INCREMENT,
  `nome` varchar(45) NOT NULL,
  `data_nascimento` datetime NOT NULL,
  PRIMARY KEY (`id`)
) ENGINE=InnoDB AUTO_INCREMENT=101 DEFAULT CHARSET=utf8mb4 COLLATE=utf8mb4_0900_ai_ci;
/*!40101 SET character_set_client = @saved_cs_client */;

--
-- Dumping data for table `pessoas`
--

LOCK TABLES `pessoas` WRITE;
/*!40000 ALTER TABLE `pessoas` DISABLE KEYS */;
INSERT INTO `pessoas` VALUES (1,'Molly Hayes','1985-04-29 06:09:32'),(2,'Gillian Padilla','1960-09-24 16:50:15'),(3,'Wendy Roth','1951-08-05 02:44:04'),(4,'Paki Lester','1969-06-25 22:52:21'),(5,'Phelan Burris','2003-11-25 22:56:07'),(6,'Keely Miles','1979-02-24 04:09:37'),(7,'Nicholas Wyatt','1970-04-22 05:18:24'),(8,'Glenna Dixon','1959-03-22 16:33:43'),(9,'Lacota Ferrell','1961-06-25 04:36:39'),(10,'Lenore Clayton','1984-05-16 07:26:27'),(11,'Keiko Pacheco','1984-06-26 19:30:33'),(12,'Naomi Roberts','1963-09-11 05:57:13'),(13,'Tamekah Eaton','1979-11-08 00:01:17'),(14,'Dean Baxter','1977-07-27 18:40:39'),(15,'Gillian Newman','1969-10-07 14:36:12'),(16,'Kiara Greer','1966-02-06 06:21:51'),(17,'Emerson Parks','1959-12-03 07:43:13'),(18,'Ila Branch','1968-09-27 19:34:02'),(19,'Rashad Tyler','1956-01-23 03:20:30'),(20,'Sade Harper','1964-08-30 15:35:34'),(21,'Dorian Hart','1995-05-22 13:58:26'),(22,'Chanda Koch','1958-12-25 02:44:07'),(23,'Cedric Whitaker','1978-05-19 06:13:41'),(24,'Eugenia Berg','1974-03-21 12:39:33'),(25,'Slade Reeves','1991-04-07 15:52:03'),(26,'Jayme West','2000-05-21 01:13:20'),(27,'Glenna Medina','1998-08-09 09:58:55'),(28,'Beverly Curtis','1985-08-09 05:28:36'),(29,'Abbot Kaufman','1953-10-04 04:14:26'),(30,'Garth Frye','1961-04-27 18:39:00'),(31,'Brynn Mcdonald','1966-07-25 20:30:51'),(32,'Pascale Oneal','1984-04-20 03:35:36'),(33,'Fitzgerald Mcneil','1960-01-20 22:22:14'),(34,'Palmer Bruce','2003-11-18 13:05:34'),(35,'Tasha Herrera','1985-07-23 17:52:00'),(36,'Leslie Ramos','1995-09-17 03:21:34'),(37,'Sylvia Estrada','1998-12-10 02:39:27'),(38,'Candice Stout','1999-07-31 15:22:27'),(39,'Ross Kelley','1966-06-26 17:26:28'),(40,'Alexa Mueller','1950-10-29 14:36:25'),(41,'Ina Dunlap','1968-07-10 02:58:52'),(42,'Daniel Patton','1985-03-07 12:43:46'),(43,'Charles Bonner','1976-05-20 10:38:47'),(44,'Urielle Estes','1974-01-04 17:50:15'),(45,'Cyrus Hutchinson','1964-03-23 09:45:50'),(46,'Darius Hodges','1969-02-23 07:04:36'),(47,'Fritz Bryant','1970-01-09 23:53:07'),(48,'Maggy Woodward','1976-02-08 15:07:18'),(49,'Chaney Ortega','1991-03-05 01:17:05'),(50,'Devin Glass','1975-03-17 13:15:30'),(51,'Daniel Rios','2002-08-16 09:57:11'),(52,'Emily Santiago','1961-10-24 20:04:56'),(53,'Shea Roth','1990-02-12 16:18:08'),(54,'Gil Jensen','1991-06-14 16:32:30'),(55,'Phoebe Hoover','1990-03-06 02:06:43'),(56,'Wylie Donovan','1964-10-08 01:21:16'),(57,'Cherokee Jones','1992-07-10 22:43:36'),(58,'Mallory Patton','1987-04-24 21:32:22'),(59,'Neville Cain','1991-06-09 17:31:16'),(60,'Kirby Yang','1982-09-14 17:45:37'),(61,'Brady Lawson','1970-11-18 06:40:46'),(62,'Reuben Huffman','2000-06-14 11:04:45'),(63,'Channing Figueroa','1952-10-16 23:36:41'),(64,'Cara Ramos','1981-12-13 04:40:28'),(65,'Celeste Howe','1957-11-14 06:39:21'),(66,'Priscilla Pearson','1970-12-10 22:58:23'),(67,'Mira Benson','1960-01-01 09:56:42'),(68,'Neil Green','1994-11-15 06:26:25'),(69,'Sylvia Booth','1992-01-01 20:25:47'),(70,'Hiram Elliott','1956-01-07 16:32:34'),(71,'Quinn Mcfadden','1999-04-16 17:50:57'),(72,'Phillip Lawson','1994-10-17 21:40:22'),(73,'Willow Jackson','2002-11-15 05:17:25'),(74,'Chaim Cole','1975-10-19 20:56:35'),(75,'Astra Kennedy','1951-10-05 07:35:38'),(76,'Amethyst Oliver','2003-06-27 13:00:29'),(77,'Catherine Sweet','1966-12-04 06:34:45'),(78,'Solomon Jarvis','1994-05-03 03:07:45'),(79,'Kennedy Lott','1970-11-18 08:46:55'),(80,'Christine Gay','1982-10-12 21:12:11'),(81,'Jena Mccormick','1984-02-25 19:32:38'),(82,'Oscar Powers','1965-09-10 04:43:34'),(83,'Marshall Carpenter','1971-11-08 08:00:12'),(84,'Hyacinth Bates','1972-04-13 04:41:32'),(85,'Driscoll Hubbard','1966-10-26 05:40:40'),(86,'Tanek Garrett','1990-06-14 21:21:56'),(87,'Harding Marsh','1989-02-22 04:51:56'),(88,'Cathleen Larsen','1998-04-24 15:51:04'),(89,'Ariel Sexton','1980-04-20 08:30:01'),(90,'Lester Malone','1957-03-11 20:18:08'),(91,'Connor Flowers','1972-04-12 08:24:02'),(92,'Lacy Yang','2000-11-26 03:43:25'),(93,'Tara Roberson','1969-02-23 04:31:11'),(94,'Donna Drake','1962-07-06 21:38:36'),(95,'Travis Atkinson','1998-09-11 13:26:18'),(96,'Ross Maddox','1971-12-17 18:34:05'),(97,'Gareth Newman','1994-02-20 19:14:20'),(98,'Brendan Lloyd','1995-09-30 00:47:31'),(99,'Mohammad Rosa','1970-04-03 01:29:54'),(100,'Charles Sandoval','1992-02-06 03:46:52');
/*!40000 ALTER TABLE `pessoas` ENABLE KEYS */;
UNLOCK TABLES;

--
-- Table structure for table `professores`
--

DROP TABLE IF EXISTS `professores`;
/*!40101 SET @saved_cs_client     = @@character_set_client */;
/*!40101 SET character_set_client = utf8 */;
CREATE TABLE `professores` (
  `id` int(11) NOT NULL AUTO_INCREMENT,
  `id_pessoa` int(11) NOT NULL,
  `login` varchar(150) NOT NULL,
  `salario` decimal(11,2) NOT NULL,
  PRIMARY KEY (`id`)
) ENGINE=InnoDB AUTO_INCREMENT=101 DEFAULT CHARSET=utf8mb4 COLLATE=utf8mb4_0900_ai_ci;
/*!40101 SET character_set_client = @saved_cs_client */;

--
-- Dumping data for table `professores`
--

LOCK TABLES `professores` WRITE;
/*!40000 ALTER TABLE `professores` DISABLE KEYS */;
INSERT INTO `professores` VALUES (1,75,'Ut.tincidunt.orci@luctus.org',4131.00),(2,39,'egestas.ligula@enimcondimentum.org',3934.00),(3,31,'enim.sit.amet@nisimagnased.net',6998.00),(4,93,'rutrum.urna.nec@accumsanneque.edu',7075.00),(7,83,'ac.turpis.egestas@magnaSuspendissetristique.org',7629.00),(8,85,'tempor.erat@ac.ca',5349.00),(12,96,'ullamcorper.magna.Sed@sagittis.com',6510.00),(16,43,'eros.Proin@lacusUt.org',6383.00),(18,82,'tempor.bibendum@vestibulumnequesed.com',7381.00),(20,45,'dictum.Phasellus@ametante.edu',6746.00),(24,50,'malesuada.augue@vulputatevelit.ca',2951.00),(32,52,'mi.tempor@nisiAeneaneget.net',4632.00),(33,18,'turpis@auguescelerisque.edu',7613.00),(35,33,'ligula.Nullam.enim@duiFuscealiquam.net',3287.00),(36,12,'ut.dolor.dapibus@amet.com',5589.00),(38,23,'nibh.Aliquam.ornare@consequatpurusMaecenas.net',7758.00),(42,99,'metus.Aliquam@luctus.ca',7552.00),(43,2,'aptent.taciti@rhoncusidmollis.com',6216.00),(44,8,'facilisis.lorem@egestasblanditNam.edu',2543.00),(46,65,'sit@Quisqueporttitor.ca',4669.00),(47,67,'lacinia.vitae@lectus.edu',5346.00),(48,17,'in.aliquet.lobortis@neceuismod.org',3507.00),(50,91,'rhoncus@vulputate.com',5453.00),(51,47,'scelerisque.lorem.ipsum@Maecenasornareegestas.com',5211.00),(53,79,'et.netus@Quisque.co.uk',5509.00),(54,48,'fringilla@ut.com',5197.00),(55,90,'libero.lacus@dolorsit.org',5626.00),(56,29,'felis.purus.ac@eu.net',2626.00),(60,74,'Donec@risusDonec.co.uk',2861.00),(62,44,'pede@sociosquadlitora.org',3798.00),(64,20,'orci.Donec@Loremipsum.net',6474.00),(65,7,'dis@vitae.ca',7188.00),(67,22,'est@enimmi.org',6898.00),(73,16,'Donec@erosNam.co.uk',5986.00),(76,40,'nec.urna.et@felisullamcorper.ca',3728.00),(77,14,'velit@MaurisnullaInteger.com',6110.00),(80,66,'hendrerit.Donec.porttitor@elementumategestas.edu',3529.00),(81,63,'Nulla.facilisis@lacus.edu',5487.00),(84,24,'vulputate@dictum.edu',7164.00),(85,84,'libero.et@nec.org',6155.00),(94,30,'eleifend.vitae.erat@turpisNulla.ca',4329.00),(95,9,'eget@turpisAliquamadipiscing.com',2734.00),(96,41,'Curabitur.sed.tortor@faucibusidlibero.com',4695.00);
/*!40000 ALTER TABLE `professores` ENABLE KEYS */;
UNLOCK TABLES;
/*!40103 SET TIME_ZONE=@OLD_TIME_ZONE */;

/*!40101 SET SQL_MODE=@OLD_SQL_MODE */;
/*!40014 SET FOREIGN_KEY_CHECKS=@OLD_FOREIGN_KEY_CHECKS */;
/*!40014 SET UNIQUE_CHECKS=@OLD_UNIQUE_CHECKS */;
/*!40101 SET CHARACTER_SET_CLIENT=@OLD_CHARACTER_SET_CLIENT */;
/*!40101 SET CHARACTER_SET_RESULTS=@OLD_CHARACTER_SET_RESULTS */;
/*!40101 SET COLLATION_CONNECTION=@OLD_COLLATION_CONNECTION */;
/*!40111 SET SQL_NOTES=@OLD_SQL_NOTES */;

-- Dump completed on 2018-10-23  9:01:48
